id;name;address;modul;api;env;hostname;create_time;update_time
1;beneath till;nearly;hunger;midst;consequently intense;geez spine uncomfortable;2024-07-25T20:49:01;2024-07-25T18:54:59
2;successfully quizzically thousand;round address cannibal;boo geez;um wreathe;weight violence;and;2024-07-25T09:11:54;2024-07-26T05:49:54
3;versus defiant apropos;concerning concerning;regarding;minor;inasmuch what phooey;huzzah yesterday;2024-07-25T13:08:41;2024-07-25T17:09:30
4;interpose woefully;vice;instead deploy;towards zowie respon;taxi;crisp rudely than;2024-07-26T05:16:00;2024-07-26T01:45:51
5;yuck skylight;unaware;register potentially;excepting when pilfe;sadly;majestically lest;2024-07-26T05:06:36;2024-07-25T21:37:07
6;halve;that for;for lively duh;toward experience ph;joyfully busily;upshift unacceptable;2024-07-25T16:37:18;2024-07-25T13:21:32
7;before;impossible since overpower;real;as;under whether;after;2024-07-25T08:49:57;2024-07-25T06:56:27
8;ah;yippee conference abaft;really;pantologist restfull;save;ducks whoever;2024-07-25T07:51:39;2024-07-26T05:15:34
9;sale;substantiate;endothelium mortally;respond yippee;colorfully far-flung;during oh only;2024-07-25T20:21:23;2024-07-25T13:25:44
10;indeed;operation burrow though;squirrel;grapefruit;troop underneath pss;instructive backpack;2024-07-25T12:31:35;2024-07-26T03:58:21
